Bus, BasekV, Node1, Magnitude1, Angle1, pu1, Node2, Magnitude2, Angle2, pu2, Node3, Magnitude3, Angle3, pu3
"P1", 230, 1,     139397,    0.0,    1.0498, 2,     139397, -120.0,    1.0498, 3,     139398,  120.0,    1.0498
"P2", 230, 1,     139395,    0.0,    1.0497, 2,     139395, -120.0,    1.0497, 3,     139396,  120.0,    1.0497
"P3", 230, 1,     139393,    0.0,    1.0497, 2,     139394, -120.0,    1.0497, 3,     139395,  120.0,    1.0497
"P7", 230, 1,     139393,    0.0,    1.0497, 2,     139394, -120.0,    1.0497, 3,     139395,  120.0,    1.0497
"P6", 13.8, 1,    8113.21,   -2.1,    1.0183, 2,    8112.05, -122.1,    1.0182, 3,    8116.66,  117.9,    1.0187
"P11", 13.8, 1,    8112.72,   -2.1,    1.0182, 2,    8111.57, -122.1,    1.0181, 3,    8116.18,  117.9,    1.0187
"P27", 13.8, 1,    8112.77,   -2.1,    1.0182, 2,    8111.61, -122.1,    1.0181, 3,    8116.23,  117.9,    1.0187
"P44", 13.8, 1,    8112.74,   -2.1,    1.0182, 2,    8111.59, -122.1,    1.0181, 3,    8116.19,  117.9,    1.0187
"P45", 13.8, 1,    8112.49,   -2.1,    1.0182, 2,    8111.34, -122.1,    1.0181, 3,    8115.95,  117.9,    1.0186
"P62", 13.8, 1,    8112.51,   -2.1,    1.0182, 2,    8111.36, -122.1,    1.0181, 3,    8115.97,  117.9,    1.0186
"P10", 13.8, 1,    8109.98,   -2.1,    1.0179, 2,    8109.02, -122.1,    1.0178, 3,    8113.55,  117.9,    1.0183
"P81", 13.8, 1,    8109.49,   -2.1,    1.0178, 2,    8108.52, -122.1,    1.0177, 3,    8113.06,  117.9,    1.0183
"P97", 13.8, 1,    8109.45,   -2.1,    1.0178, 2,     8108.5, -122.1,    1.0177, 3,    8113.03,  117.9,    1.0183
"P116", 13.8, 1,    8109.54,   -2.1,    1.0178, 2,    8108.59, -122.1,    1.0177, 3,    8113.11,  117.9,    1.0183
"P117", 13.8, 1,    8109.33,   -2.1,    1.0178, 2,    8108.38, -122.1,    1.0177, 3,     8112.9,  117.9,    1.0183
"P134", 13.8, 1,    8109.31,   -2.1,    1.0178, 2,    8108.36, -122.1,    1.0177, 3,    8112.88,  117.9,    1.0183
"P12", 13.8, 1,    8112.72,   -2.1,    1.0182, 2,    8111.57, -122.1,    1.0181, 3,    8116.18,  117.9,    1.0187
"P13", 13.8, 1,     8088.1,   -2.1,    1.0151, 2,    8087.22, -122.1,     1.015, 3,    8092.05,  117.9,    1.0156
"P14", 13.8, 1,       8088,   -2.1,    1.0151, 2,    8087.12, -122.1,     1.015, 3,    8091.96,  117.9,    1.0156
"P15", 13.8, 1,    8087.21,   -2.1,     1.015, 2,    8086.34, -122.1,    1.0149, 3,    8091.18,  117.9,    1.0155
"P16", 13.8, 1,    8086.89,   -2.1,     1.015, 2,    8086.01, -122.1,    1.0149, 3,    8090.87,  117.9,    1.0155
"P17", 13.8, 1,    8086.81,   -2.1,     1.015, 2,    8085.93, -122.1,    1.0149, 3,    8090.79,  117.9,    1.0155
"P18", 13.8, 1,    8086.65,   -2.1,     1.015, 2,     8085.8, -122.1,    1.0149, 3,    8090.63,  117.9,    1.0155
"P19", 13.8, 1,    8086.54,   -2.1,    1.0149, 2,     8085.7, -122.1,    1.0148, 3,    8090.53,  117.9,    1.0155
"P20", 13.8, 1,    8086.18,   -2.1,    1.0149, 2,    8085.36, -122.1,    1.0148, 3,    8090.17,  117.9,    1.0154
"P21", 13.8, 1,    8085.93,   -2.1,    1.0149, 2,    8085.13, -122.1,    1.0148, 3,    8089.93,  117.9,    1.0154
"P22", 13.8, 1,    8085.79,   -2.1,    1.0149, 2,    8085.01, -122.1,    1.0148, 3,     8089.8,  117.9,    1.0154
"P23", 13.8, 1,    8085.97,   -2.1,    1.0149, 2,    8085.15, -122.1,    1.0148, 3,    8089.96,  117.9,    1.0154
"P24", 13.8, 1,    8085.86,   -2.1,    1.0149, 2,    8085.04, -122.1,    1.0148, 3,    8089.86,  117.9,    1.0154
"P25", 13.8, 1,    8085.87,   -2.1,    1.0149, 2,    8085.04, -122.1,    1.0148, 3,    8089.86,  117.9,    1.0154
"P26", 13.8, 1,    8085.76,   -2.1,    1.0149, 2,    8084.94, -122.1,    1.0147, 3,    8089.75,  117.9,    1.0154
"P28", 13.8, 1,    8112.77,   -2.1,    1.0182, 2,    8111.61, -122.1,    1.0181, 3,    8116.23,  117.9,    1.0187
"P29", 13.8, 1,    8090.66,   -2.1,    1.0155, 2,    8089.28, -122.1,    1.0153, 3,    8094.48,  117.9,    1.0159
"P30", 13.8, 1,    8090.57,   -2.1,    1.0155, 2,    8089.19, -122.1,    1.0153, 3,    8094.39,  117.9,    1.0159
"P31", 13.8, 1,    8089.87,   -2.1,    1.0154, 2,    8088.48, -122.1,    1.0152, 3,     8093.7,  117.9,    1.0158
"P32", 13.8, 1,    8089.78,   -2.1,    1.0154, 2,    8088.39, -122.1,    1.0152, 3,    8093.61,  117.9,    1.0158
"P33", 13.8, 1,    8089.17,   -2.1,    1.0153, 2,    8087.77, -122.1,    1.0151, 3,    8093.01,  117.9,    1.0158
"P34", 13.8, 1,       8089,   -2.1,    1.0153, 2,     8087.6, -122.1,    1.0151, 3,    8092.84,  117.9,    1.0157
"P35", 13.8, 1,    8088.65,   -2.1,    1.0152, 2,    8087.24, -122.1,     1.015, 3,     8092.5,  117.9,    1.0157
"P36", 13.8, 1,    8088.54,   -2.1,    1.0152, 2,    8087.13, -122.1,     1.015, 3,    8092.39,  117.9,    1.0157
"P37", 13.8, 1,    8088.23,   -2.1,    1.0152, 2,     8086.8, -122.1,     1.015, 3,    8092.09,  117.9,    1.0156
"P38", 13.8, 1,    8088.14,   -2.1,    1.0152, 2,    8086.72, -122.1,     1.015, 3,       8092,  117.9,    1.0156
"P39", 13.8, 1,     8087.9,   -2.1,    1.0151, 2,    8086.46, -122.1,    1.0149, 3,    8091.77,  117.9,    1.0156
"P40", 13.8, 1,    8087.67,   -2.1,    1.0151, 2,    8086.22, -122.1,    1.0149, 3,    8091.55,  117.9,    1.0156
"P41", 13.8, 1,    8087.55,   -2.1,    1.0151, 2,    8086.09, -122.1,    1.0149, 3,    8091.44,  117.9,    1.0156
"P42", 13.8, 1,     8087.8,   -2.1,    1.0151, 2,    8086.36, -122.1,    1.0149, 3,    8091.67,  117.9,    1.0156
"P43", 13.8, 1,     8087.7,   -2.1,    1.0151, 2,    8086.25, -122.1,    1.0149, 3,    8091.57,  117.9,    1.0156
"P46", 13.8, 1,    8112.49,   -2.1,    1.0182, 2,    8111.34, -122.1,    1.0181, 3,    8115.95,  117.9,    1.0186
"P47", 13.8, 1,    8087.72,   -2.1,    1.0151, 2,    8086.77, -122.1,     1.015, 3,    8091.28,  117.9,    1.0155
"P48", 13.8, 1,    8087.63,   -2.1,    1.0151, 2,    8086.68, -122.1,     1.015, 3,    8091.18,  117.9,    1.0155
"P49", 13.8, 1,    8086.83,   -2.1,     1.015, 2,    8085.88, -122.1,    1.0149, 3,    8090.38,  117.9,    1.0154
"P50", 13.8, 1,    8086.72,   -2.1,     1.015, 2,    8085.77, -122.1,    1.0149, 3,    8090.28,  117.9,    1.0154
"P51", 13.8, 1,    8086.04,   -2.1,    1.0149, 2,    8085.09, -122.1,    1.0148, 3,     8089.6,  117.9,    1.0153
"P52", 13.8, 1,    8085.95,   -2.1,    1.0149, 2,    8085.01, -122.1,    1.0148, 3,    8089.51,  117.9,    1.0153
"P53", 13.8, 1,    8085.33,   -2.1,    1.0148, 2,    8084.39, -122.1,    1.0147, 3,    8088.89,  117.9,    1.0152
"P54", 13.8, 1,    8084.89,   -2.1,    1.0147, 2,    8083.96, -122.1,    1.0146, 3,    8088.46,  117.9,    1.0152
"P55", 13.8, 1,    8084.63,   -2.1,    1.0147, 2,     8083.7, -122.1,    1.0146, 3,     8088.2,  117.9,    1.0152
"P56", 13.8, 1,    8084.54,   -2.1,    1.0147, 2,    8083.61, -122.1,    1.0146, 3,    8088.11,  117.9,    1.0151
"P57", 13.8, 1,    8085.07,   -2.1,    1.0148, 2,    8084.12, -122.1,    1.0146, 3,    8088.63,  117.9,    1.0152
"P58", 13.8, 1,    8084.98,   -2.1,    1.0148, 2,    8084.03, -122.1,    1.0146, 3,    8088.53,  117.9,    1.0152
"P59", 13.8, 1,    8084.91,   -2.1,    1.0147, 2,    8083.94, -122.1,    1.0146, 3,    8088.46,  117.9,    1.0152
"P60", 13.8, 1,    8084.74,   -2.1,    1.0147, 2,    8083.77, -122.1,    1.0146, 3,    8088.29,  117.9,    1.0152
"P61", 13.8, 1,    8084.57,   -2.1,    1.0147, 2,    8083.59, -122.1,    1.0146, 3,    8088.11,  117.9,    1.0151
"P63", 13.8, 1,    8112.51,   -2.1,    1.0182, 2,    8111.36, -122.1,    1.0181, 3,    8115.97,  117.9,    1.0186
"P64", 13.8, 1,    8089.95,   -2.1,    1.0154, 2,    8089.16, -122.1,    1.0153, 3,    8093.42,  117.9,    1.0158
"P65", 13.8, 1,    8089.87,   -2.1,    1.0154, 2,    8089.08, -122.1,    1.0153, 3,    8093.34,  117.9,    1.0158
"P66", 13.8, 1,    8089.13,   -2.1,    1.0153, 2,    8088.36, -122.1,    1.0152, 3,     8092.6,  117.9,    1.0157
"P67", 13.8, 1,    8089.04,   -2.1,    1.0153, 2,    8088.26, -122.1,    1.0152, 3,    8092.51,  117.9,    1.0157
"P68", 13.8, 1,    8088.41,   -2.1,    1.0152, 2,    8087.65, -122.1,    1.0151, 3,    8091.88,  117.9,    1.0156
"P69", 13.8, 1,    8088.37,   -2.1,    1.0152, 2,    8087.61, -122.1,    1.0151, 3,    8091.84,  117.9,    1.0156
"P70", 13.8, 1,    8087.72,   -2.1,    1.0151, 2,    8086.98, -122.1,     1.015, 3,    8091.19,  117.9,    1.0155
"P71", 13.8, 1,    8087.64,   -2.1,    1.0151, 2,    8086.89, -122.1,     1.015, 3,    8091.11,  117.9,    1.0155
"P72", 13.8, 1,    8087.12,   -2.1,     1.015, 2,    8086.39, -122.1,    1.0149, 3,     8090.6,  117.9,    1.0155
"P73", 13.8, 1,    8086.87,   -2.1,     1.015, 2,    8086.15, -122.1,    1.0149, 3,    8090.35,  117.9,    1.0154
"P74", 13.8, 1,    8086.72,   -2.1,     1.015, 2,    8086.03, -122.1,    1.0149, 3,    8090.22,  117.9,    1.0154
"P75", 13.8, 1,    8086.77,   -2.1,     1.015, 2,    8086.04, -122.1,    1.0149, 3,    8090.25,  117.9,    1.0154
"P76", 13.8, 1,    8086.62,   -2.1,     1.015, 2,    8085.88, -122.1,    1.0149, 3,    8090.09,  117.9,    1.0154
"P77", 13.8, 1,    8086.58,   -2.1,     1.015, 2,    8085.84, -122.1,    1.0149, 3,    8090.05,  117.9,    1.0154
"P78", 13.8, 1,    8086.48,   -2.1,    1.0149, 2,    8085.74, -122.1,    1.0148, 3,    8089.95,  117.9,    1.0154
"P79", 13.8, 1,    8086.48,   -2.1,    1.0149, 2,    8085.74, -122.1,    1.0148, 3,    8089.96,  117.9,    1.0154
"P80", 13.8, 1,    8086.39,   -2.1,    1.0149, 2,    8085.65, -122.1,    1.0148, 3,    8089.86,  117.9,    1.0154
"P82", 13.8, 1,    8109.49,   -2.1,    1.0178, 2,    8108.52, -122.1,    1.0177, 3,    8113.06,  117.9,    1.0183
"P83", 13.8, 1,    8084.94,   -2.1,    1.0147, 2,    8083.62, -122.1,    1.0146, 3,    8088.67,  117.9,    1.0152
"P84", 13.8, 1,    8084.85,   -2.1,    1.0147, 2,    8083.53, -122.1,    1.0146, 3,    8088.59,  117.9,    1.0152
"P85", 13.8, 1,    8084.04,   -2.1,    1.0146, 2,    8082.72, -122.1,    1.0145, 3,    8087.79,  117.9,    1.0151
"P86", 13.8, 1,     8083.7,   -2.1,    1.0146, 2,    8082.36, -122.1,    1.0144, 3,    8087.45,  117.9,    1.0151
"P87", 13.8, 1,    8083.45,   -2.1,    1.0146, 2,    8082.11, -122.1,    1.0144, 3,    8087.22,  117.9,     1.015
"P88", 13.8, 1,    8083.49,   -2.1,    1.0146, 2,    8082.16, -122.1,    1.0144, 3,    8087.23,  117.9,     1.015
"P89", 13.8, 1,    8083.38,   -2.1,    1.0146, 2,    8082.06, -122.1,    1.0144, 3,    8087.12,  117.9,     1.015
"P90", 13.8, 1,    8083.05,   -2.1,    1.0145, 2,    8081.71, -122.1,    1.0143, 3,    8086.78,  117.9,     1.015
"P91", 13.8, 1,    8082.79,   -2.1,    1.0145, 2,    8081.45, -122.1,    1.0143, 3,    8086.52,  117.9,    1.0149
"P92", 13.8, 1,    8082.64,   -2.1,    1.0145, 2,     8081.3, -122.1,    1.0143, 3,    8086.36,  117.9,    1.0149
"P93", 13.8, 1,    8082.86,   -2.1,    1.0145, 2,    8081.53, -122.1,    1.0143, 3,     8086.6,  117.9,     1.015
"P94", 13.8, 1,    8082.77,   -2.1,    1.0145, 2,    8081.44, -122.1,    1.0143, 3,    8086.51,  117.9,    1.0149
"P95", 13.8, 1,    8082.77,   -2.1,    1.0145, 2,    8081.44, -122.1,    1.0143, 3,    8086.51,  117.9,    1.0149
"P96", 13.8, 1,    8082.68,   -2.1,    1.0145, 2,    8081.34, -122.1,    1.0143, 3,    8086.42,  117.9,    1.0149
"P98", 13.8, 1,    8109.45,   -2.1,    1.0178, 2,     8108.5, -122.1,    1.0177, 3,    8113.03,  117.9,    1.0183
"P99", 13.8, 1,    8083.09,   -2.1,    1.0145, 2,    8082.36, -122.1,    1.0144, 3,    8087.33,  117.9,     1.015
"P100", 13.8, 1,       8083,   -2.1,    1.0145, 2,    8082.27, -122.1,    1.0144, 3,    8087.24,  117.9,     1.015
"P101", 13.8, 1,    8082.13,   -2.1,    1.0144, 2,    8081.41, -122.1,    1.0143, 3,     8086.4,  117.9,    1.0149
"P102", 13.8, 1,    8082.04,   -2.1,    1.0144, 2,    8081.32, -122.1,    1.0143, 3,    8086.31,  117.9,    1.0149
"P103", 13.8, 1,    8081.27,   -2.1,    1.0143, 2,    8080.55, -122.1,    1.0142, 3,    8085.56,  117.9,    1.0148
"P104", 13.8, 1,    8081.09,   -2.1,    1.0143, 2,    8080.38, -122.1,    1.0142, 3,    8085.39,  117.9,    1.0148
"P105", 13.8, 1,    8080.58,   -2.1,    1.0142, 2,    8079.86, -122.1,    1.0141, 3,    8084.88,  117.9,    1.0147
"P106", 13.8, 1,    8080.31,   -2.1,    1.0142, 2,    8079.58, -122.1,    1.0141, 3,    8084.61,  117.9,    1.0147
"P107", 13.8, 1,    8080.13,   -2.1,    1.0141, 2,    8079.41, -122.1,    1.0141, 3,    8084.44,  117.9,    1.0147
"P108", 13.8, 1,    8080.17,   -2.1,    1.0141, 2,    8079.44, -122.1,    1.0141, 3,    8084.48,  117.9,    1.0147
"P109", 13.8, 1,    8080.08,   -2.1,    1.0141, 2,    8079.35, -122.1,     1.014, 3,    8084.39,  117.9,    1.0147
"P110", 13.8, 1,    8079.85,   -2.1,    1.0141, 2,     8079.1, -122.1,     1.014, 3,    8084.18,  117.9,    1.0147
"P111", 13.8, 1,    8079.73,   -2.1,    1.0141, 2,    8078.97, -122.1,     1.014, 3,    8084.07,  117.9,    1.0146
"P112", 13.8, 1,    8079.65,   -2.1,    1.0141, 2,     8078.9, -122.1,     1.014, 3,    8083.98,  117.9,    1.0146
"P113", 13.8, 1,    8079.55,   -2.1,    1.0141, 2,     8078.8, -122.1,     1.014, 3,    8083.87,  117.9,    1.0146
"P114", 13.8, 1,    8079.55,   -2.1,    1.0141, 2,     8078.8, -122.1,     1.014, 3,    8083.88,  117.9,    1.0146
"P115", 13.8, 1,    8079.46,   -2.1,    1.0141, 2,    8078.71, -122.1,     1.014, 3,    8083.78,  117.9,    1.0146
"P118", 13.8, 1,    8109.33,   -2.1,    1.0178, 2,    8108.38, -122.1,    1.0177, 3,     8112.9,  117.9,    1.0183
"P119", 13.8, 1,    8088.24,   -2.1,    1.0152, 2,    8087.54, -122.1,    1.0151, 3,    8091.88,  117.9,    1.0156
"P120", 13.8, 1,    8088.15,   -2.1,    1.0152, 2,    8087.44, -122.1,    1.0151, 3,    8091.79,  117.9,    1.0156
"P121", 13.8, 1,    8087.49,   -2.1,    1.0151, 2,    8086.79, -122.1,     1.015, 3,    8091.14,  117.9,    1.0155
"P122", 13.8, 1,    8087.39,   -2.1,    1.0151, 2,     8086.7, -122.1,     1.015, 3,    8091.04,  117.9,    1.0155
"P123", 13.8, 1,    8086.84,   -2.1,     1.015, 2,    8086.15, -122.1,    1.0149, 3,    8090.49,  117.9,    1.0154
"P124", 13.8, 1,    8086.66,   -2.1,     1.015, 2,    8085.98, -122.1,    1.0149, 3,    8090.31,  117.9,    1.0154
"P125", 13.8, 1,    8086.37,   -2.1,    1.0149, 2,    8085.67, -122.1,    1.0148, 3,    8090.01,  117.9,    1.0154
"P126", 13.8, 1,    8086.27,   -2.1,    1.0149, 2,    8085.57, -122.1,    1.0148, 3,     8089.9,  117.9,    1.0154
"P127", 13.8, 1,       8086,   -2.1,    1.0149, 2,    8085.29, -122.1,    1.0148, 3,    8089.63,  117.9,    1.0153
"P128", 13.8, 1,    8085.89,   -2.1,    1.0149, 2,    8085.19, -122.1,    1.0148, 3,    8089.53,  117.9,    1.0153
"P129", 13.8, 1,    8085.73,   -2.1,    1.0148, 2,    8085.01, -122.1,    1.0148, 3,    8089.35,  117.9,    1.0153
"P130", 13.8, 1,    8085.55,   -2.1,    1.0148, 2,    8084.83, -122.1,    1.0147, 3,    8089.17,  117.9,    1.0153
"P131", 13.8, 1,    8085.48,   -2.1,    1.0148, 2,    8084.75, -122.1,    1.0147, 3,     8089.1,  117.9,    1.0153
"P132", 13.8, 1,    8085.63,   -2.1,    1.0148, 2,    8084.92, -122.1,    1.0147, 3,    8089.26,  117.9,    1.0153
"P133", 13.8, 1,    8085.54,   -2.1,    1.0148, 2,    8084.82, -122.1,    1.0147, 3,    8089.16,  117.9,    1.0153
"P135", 13.8, 1,    8109.31,   -2.1,    1.0178, 2,    8108.36, -122.1,    1.0177, 3,    8112.88,  117.9,    1.0183
"P136", 13.8, 1,    8086.23,   -2.1,    1.0149, 2,    8085.81, -122.1,    1.0149, 3,    8089.84,  117.9,    1.0154
"P137", 13.8, 1,    8086.14,   -2.1,    1.0149, 2,    8085.71, -122.1,    1.0148, 3,    8089.75,  117.9,    1.0154
"P138", 13.8, 1,     8085.4,   -2.1,    1.0148, 2,       8085, -122.1,    1.0148, 3,    8089.02,  117.9,    1.0153
"P139", 13.8, 1,    8085.28,   -2.1,    1.0148, 2,    8084.88, -122.1,    1.0147, 3,     8088.9,  117.9,    1.0152
"P140", 13.8, 1,     8085.2,   -2.1,    1.0148, 2,     8084.8, -122.1,    1.0147, 3,    8088.82,  117.9,    1.0152
"P141", 13.8, 1,    8084.69,   -2.1,    1.0147, 2,     8084.3, -122.1,    1.0147, 3,    8088.31,  117.9,    1.0152
"P142", 13.8, 1,    8084.58,   -2.1,    1.0147, 2,     8084.2, -122.1,    1.0147, 3,    8088.21,  117.9,    1.0152
"P143", 13.8, 1,    8084.08,   -2.1,    1.0146, 2,    8083.71, -122.1,    1.0146, 3,     8087.7,  117.9,    1.0151
"P144", 13.8, 1,    8083.68,   -2.1,    1.0146, 2,    8083.33, -122.1,    1.0145, 3,    8087.31,  117.9,     1.015
"P145", 13.8, 1,    8083.42,   -2.1,    1.0146, 2,    8083.07, -122.1,    1.0145, 3,    8087.04,  117.9,     1.015
"P146", 13.8, 1,    8083.26,   -2.1,    1.0145, 2,    8082.91, -122.1,    1.0145, 3,    8086.89,  117.9,     1.015
"P147", 13.8, 1,    8083.88,   -2.1,    1.0146, 2,    8083.51, -122.1,    1.0146, 3,     8087.5,  117.9,    1.0151
"P148", 13.8, 1,    8083.77,   -2.1,    1.0146, 2,     8083.4, -122.1,    1.0146, 3,    8087.38,  117.9,    1.0151
"P149", 13.8, 1,    8083.78,   -2.1,    1.0146, 2,    8083.41, -122.1,    1.0146, 3,     8087.4,  117.9,    1.0151
"P150", 13.8, 1,    8083.68,   -2.1,    1.0146, 2,    8083.32, -122.1,    1.0145, 3,     8087.3,  117.9,     1.015
"S194", 0.48, 1,    277.199,  -33.8,    1.0003, 2,    275.661, -154.1,   0.99471, 3,    275.223,   86.2,   0.99313
"S193", 0.48, 1,    277.048,  -33.8,   0.99971, 2,    275.498, -154.1,   0.99412, 3,    275.097,   86.2,   0.99267
"S195", 0.48, 1,    277.194,  -33.8,    1.0002, 2,    275.657, -154.1,   0.99469, 3,    275.219,   86.2,   0.99311
"S199", 0.48, 1,    275.917,  -33.4,   0.99563, 2,    276.128, -153.5,   0.99639, 3,    275.352,   86.5,   0.99359
"S198", 0.48, 1,    275.804,  -33.4,   0.99522, 2,    276.033, -153.5,   0.99605, 3,     275.26,   86.5,   0.99326
"S200", 0.48, 1,    275.917,  -33.4,   0.99563, 2,    276.128, -153.5,   0.99639, 3,    275.352,   86.5,   0.99359
"S204", 0.48, 1,    274.366,  -34.1,   0.99003, 2,    273.168, -153.8,   0.98571, 3,    275.632,   86.1,    0.9946
"S203", 0.48, 1,    274.168,  -34.1,   0.98932, 2,    272.966, -153.9,   0.98498, 3,    275.521,   86.1,    0.9942
"S205", 0.48, 1,    274.366,  -34.1,   0.99003, 2,    273.168, -153.8,   0.98571, 3,    275.632,   86.1,    0.9946
"S206", 0.48, 1,    274.364,  -34.1,   0.99002, 2,    273.166, -153.8,    0.9857, 3,     275.63,   86.1,    0.9946
"S211", 0.48, 1,    275.007,  -33.9,   0.99235, 2,    275.312, -153.9,   0.99345, 3,    275.208,   86.2,   0.99307
"S210", 0.48, 1,    274.765,  -33.9,   0.99147, 2,    275.122, -153.9,   0.99276, 3,    275.052,   86.2,   0.99251
"S212", 0.48, 1,    275.003,  -33.9,   0.99233, 2,    275.308, -153.9,   0.99343, 3,    275.205,   86.2,   0.99306
"S213", 0.48, 1,    275.004,  -33.9,   0.99233, 2,    275.309, -153.9,   0.99344, 3,    275.205,   86.2,   0.99306
"S218", 0.48, 1,    272.111,  -34.5,    0.9819, 2,    271.944, -154.4,    0.9813, 3,    272.154,   85.6,   0.98205
"S217", 0.48, 1,    271.844,  -34.5,   0.98093, 2,    271.724, -154.4,    0.9805, 3,    271.971,   85.6,   0.98139
"S219", 0.48, 1,    272.109,  -34.5,   0.98189, 2,    271.943, -154.4,   0.98129, 3,    272.152,   85.6,   0.98204
"S220", 0.48, 1,    272.106,  -34.5,   0.98188, 2,    271.939, -154.4,   0.98128, 3,     272.15,   85.6,   0.98203
"S225", 0.48, 1,    273.646,  -34.1,   0.98743, 2,    273.734, -154.0,   0.98775, 3,    274.292,   86.2,   0.98977
"S224", 0.48, 1,    273.355,  -34.1,   0.98638, 2,    273.515, -154.0,   0.98696, 3,    274.138,   86.2,   0.98921
"S226", 0.48, 1,    273.642,  -34.1,   0.98742, 2,     273.73, -154.0,   0.98774, 3,     274.29,   86.2,   0.98976
"S227", 0.48, 1,    273.645,  -34.1,   0.98743, 2,    273.734, -154.0,   0.98775, 3,    274.293,   86.2,   0.98977
"S232", 0.48, 1,    279.362,  -32.6,    1.0081, 2,    279.465, -152.6,    1.0084, 3,    279.376,   87.4,    1.0081
"S231", 0.48, 1,    279.303,  -32.6,    1.0078, 2,    279.423, -152.6,    1.0083, 3,    279.331,   87.4,    1.0079
"S233", 0.48, 1,    279.359,  -32.6,    1.0081, 2,    279.463, -152.6,    1.0084, 3,    279.375,   87.4,    1.0081
"S237", 0.48, 1,    271.412,  -34.7,   0.97937, 2,    270.741, -154.9,   0.97695, 3,    269.739,   85.4,   0.97334
"S236", 0.48, 1,     271.05,  -34.7,   0.97807, 2,    270.424, -154.9,   0.97581, 3,     269.46,   85.3,   0.97233
"S239", 0.48, 1,    271.408,  -34.7,   0.97936, 2,    270.738, -154.9,   0.97694, 3,    269.736,   85.4,   0.97333
"S1", 0.208, 1,    117.352,  -34.1,   0.97721, 2,     117.68, -154.2,   0.97994, 3,    117.795,   85.8,    0.9809
"S2", 0.208, 1,    117.871,  -34.1,   0.98153, 2,    118.113, -154.1,   0.98355, 3,     118.21,   85.9,   0.98435
"S3", 0.208, 1,    118.187,  -34.0,   0.98417, 2,    118.376, -154.1,   0.98574, 3,    118.435,   86.0,   0.98623
"S4", 0.208, 1,    118.701,  -34.0,   0.98845, 2,    118.783, -154.0,   0.98913, 3,    118.764,   86.1,   0.98897
"S5", 0.208, 1,    117.909,  -34.0,   0.98184, 2,     118.06, -154.2,   0.98311, 3,    118.192,   85.9,   0.98421
"S6", 0.208, 1,    117.837,  -34.0,   0.98125, 2,    117.942, -154.2,   0.98212, 3,    118.116,   85.9,   0.98357
"S7", 0.208, 1,    118.218,  -34.0,   0.98442, 2,    118.298, -154.1,   0.98509, 3,    118.348,   86.0,    0.9855
"S8", 0.208, 1,    118.495,  -33.9,   0.98673, 2,    118.552, -154.0,    0.9872, 3,    118.526,   86.0,   0.98699
"S9", 0.208, 1,    118.957,  -33.9,   0.99058, 2,    118.928, -153.9,   0.99033, 3,    118.842,   86.1,   0.98962
"S10", 0.208, 1,    118.173,  -34.0,   0.98405, 2,    118.173, -154.1,   0.98405, 3,    118.251,   86.0,    0.9847
"S11", 0.208, 1,    118.093,  -34.0,   0.98338, 2,    118.067, -154.2,   0.98316, 3,     118.15,   85.9,   0.98386
"S12", 0.208, 1,    118.289,  -34.0,   0.98501, 2,    118.421, -154.1,   0.98611, 3,    118.375,   86.0,   0.98573
"S13", 0.208, 1,    118.533,  -34.0,   0.98705, 2,    118.633, -154.1,   0.98787, 3,    118.535,   86.0,   0.98706
"S14", 0.208, 1,    118.966,  -33.9,   0.99065, 2,    118.987, -154.0,   0.99082, 3,    118.829,   86.1,   0.98951
"S15", 0.208, 1,    117.977,  -34.1,   0.98241, 2,    118.165, -154.2,   0.98398, 3,    118.117,   85.9,   0.98358
"S16", 0.208, 1,    117.702,  -34.2,   0.98013, 2,    117.812, -154.3,   0.98104, 3,    117.903,   85.8,    0.9818
"S17", 0.208, 1,    117.814,  -34.2,   0.98106, 2,    117.861, -154.2,   0.98145, 3,    117.958,   85.8,   0.98225
"S18", 0.208, 1,    118.012,  -34.1,    0.9827, 2,    118.024, -154.2,    0.9828, 3,    118.105,   85.9,   0.98348
"S19", 0.208, 1,    118.391,  -34.1,   0.98586, 2,    118.346, -154.1,   0.98549, 3,    118.363,   85.9,   0.98563
"S20", 0.208, 1,     117.51,  -34.2,   0.97853, 2,    117.648, -154.2,   0.97967, 3,    117.781,   85.8,   0.98078
"S21", 0.208, 1,    117.334,  -34.1,   0.97706, 2,    117.566, -154.2,   0.97899, 3,    117.725,   85.8,   0.98032
"S42", 0.208, 1,    117.559,  -34.2,   0.97894, 2,    117.725, -154.1,   0.98031, 3,    118.019,   85.8,   0.98277
"S43", 0.208, 1,    118.417,  -34.1,   0.98608, 2,    118.442, -154.0,   0.98629, 3,    118.538,   86.0,   0.98709
"S44", 0.208, 1,    118.971,  -34.0,   0.99069, 2,    118.898, -153.9,   0.99008, 3,    118.917,   86.1,   0.99024
"S45", 0.208, 1,    118.494,  -34.1,   0.98672, 2,    118.504, -154.1,    0.9868, 3,    118.588,   86.0,    0.9875
"S46", 0.208, 1,    117.616,  -34.2,   0.97941, 2,    117.773, -154.3,   0.98072, 3,    118.011,   85.8,    0.9827
"S47", 0.208, 1,    116.629,  -34.3,   0.97119, 2,    117.092, -154.5,   0.97504, 3,    117.395,   85.7,   0.97756
"S48", 0.208, 1,    117.131,  -34.3,   0.97537, 2,    117.609, -154.4,   0.97935, 3,    117.658,   85.7,   0.97976
"S49", 0.208, 1,    118.023,  -34.2,    0.9828, 2,    118.264, -154.2,    0.9848, 3,     118.19,   85.8,   0.98419
"S50", 0.208, 1,    118.211,  -34.2,   0.98436, 2,      118.2, -154.2,   0.98427, 3,    118.152,   85.8,   0.98387
"S51", 0.208, 1,    117.452,  -34.3,   0.97804, 2,    117.497, -154.3,   0.97842, 3,    117.572,   85.7,   0.97904
"S52", 0.208, 1,    116.899,  -34.3,   0.97343, 2,     117.09, -154.4,   0.97503, 3,    117.369,   85.6,   0.97735
"S53", 0.208, 1,     117.67,  -34.3,   0.97986, 2,    117.596, -154.3,   0.97924, 3,    117.929,   85.7,   0.98202
"S54", 0.208, 1,    118.413,  -34.2,   0.98605, 2,    118.279, -154.2,   0.98493, 3,    118.439,   85.9,   0.98626
"S55", 0.208, 1,    118.322,  -34.2,   0.98529, 2,    118.234, -154.2,   0.98456, 3,    118.355,   85.9,   0.98556
"S56", 0.208, 1,    117.522,  -34.3,   0.97863, 2,    117.532, -154.4,   0.97871, 3,    117.809,   85.7,   0.98102
"S57", 0.208, 1,    116.778,  -34.4,   0.97243, 2,    117.132, -154.5,   0.97538, 3,    117.293,   85.6,   0.97672
"S58", 0.208, 1,    117.716,  -34.1,   0.98024, 2,     118.09, -154.2,   0.98335, 3,    118.029,   85.9,   0.98285
"S59", 0.208, 1,    118.617,  -34.0,   0.98774, 2,    118.787, -154.0,   0.98916, 3,     118.65,   86.0,   0.98802
"S60", 0.208, 1,    119.235,  -33.8,   0.99289, 2,    119.254, -153.8,   0.99305, 3,    119.165,   86.2,   0.99231
"S61", 0.208, 1,    118.758,  -33.9,   0.98892, 2,    118.856, -153.9,   0.98973, 3,    118.853,   86.1,   0.98971
"S62", 0.208, 1,    118.243,  -33.9,   0.98463, 2,     118.36, -154.0,   0.98561, 3,    118.509,   86.0,   0.98684
"S83", 0.208, 1,    118.163,  -33.9,   0.98396, 2,    118.144, -154.0,    0.9838, 3,    118.402,   86.0,   0.98596
"S84", 0.208, 1,     118.38,  -33.9,   0.98577, 2,    118.333, -153.9,   0.98538, 3,    118.506,   86.0,   0.98682
"S85", 0.208, 1,    118.967,  -33.8,   0.99066, 2,    118.884, -153.8,   0.98997, 3,    118.934,   86.1,   0.99038
"S86", 0.208, 1,     118.76,  -34.0,   0.98893, 2,    118.781, -153.9,   0.98911, 3,    118.791,   86.1,   0.98919
"S87", 0.208, 1,    118.008,  -34.1,   0.98267, 2,    118.183, -154.1,   0.98413, 3,    118.278,   86.0,   0.98492
"S88", 0.208, 1,    117.138,  -34.2,   0.97543, 2,    117.321, -154.3,   0.97695, 3,    117.621,   85.7,   0.97945
"S89", 0.208, 1,    117.704,  -34.2,   0.98014, 2,    117.714, -154.2,   0.98023, 3,    117.959,   85.8,   0.98226
"S90", 0.208, 1,    118.451,  -34.1,   0.98637, 2,    118.374, -154.1,   0.98572, 3,    118.478,   85.9,   0.98659
"S91", 0.208, 1,    118.412,  -34.2,   0.98603, 2,    118.399, -154.1,   0.98593, 3,    118.491,   86.0,    0.9867
"S92", 0.208, 1,    117.616,  -34.3,   0.97941, 2,    117.755, -154.3,   0.98057, 3,    117.984,   85.8,   0.98247
"S93", 0.208, 1,    117.124,  -34.3,   0.97532, 2,    117.265, -154.4,   0.97648, 3,    117.685,   85.7,   0.97998
"S94", 0.208, 1,    117.868,  -34.2,   0.98151, 2,    117.873, -154.2,   0.98155, 3,    118.144,   85.9,    0.9838
"S95", 0.208, 1,    118.657,  -34.1,   0.98808, 2,     118.55, -154.0,   0.98719, 3,     118.69,   86.1,   0.98835
"S96", 0.208, 1,    118.872,  -34.0,   0.98987, 2,    118.737, -154.0,   0.98874, 3,    118.949,   86.1,   0.99051
"S97", 0.208, 1,    118.243,  -34.0,   0.98463, 2,    118.185, -154.1,   0.98415, 3,    118.582,   86.0,   0.98745
"S98", 0.208, 1,    117.574,  -34.2,   0.97906, 2,    117.675, -154.2,    0.9799, 3,     118.07,   85.9,   0.98319
"S99", 0.208, 1,    118.439,  -34.0,   0.98626, 2,    118.558, -153.9,   0.98725, 3,    118.731,   86.1,   0.98869
"S100", 0.208, 1,    119.144,  -33.8,   0.99213, 2,    119.122, -153.8,   0.99195, 3,    119.201,   86.2,   0.99261
"S101", 0.208, 1,    119.404,  -33.7,   0.99429, 2,    119.277, -153.7,   0.99324, 3,    119.399,   86.3,   0.99425
"S102", 0.208, 1,    118.897,  -33.8,   0.99008, 2,    118.806, -153.8,   0.98932, 3,    119.051,   86.2,   0.99136
"S103", 0.208, 1,    118.333,  -33.9,   0.98538, 2,    118.368, -153.9,   0.98567, 3,     118.56,   86.1,   0.98727
"S124", 0.208, 1,    118.713,  -33.8,   0.98855, 2,    118.764, -153.8,   0.98896, 3,    118.913,   86.2,   0.99021
"S125", 0.208, 1,    118.998,  -33.8,   0.99092, 2,    118.973, -153.7,   0.99071, 3,    119.108,   86.2,   0.99183
"S126", 0.208, 1,    119.238,  -33.8,   0.99292, 2,    119.188, -153.7,    0.9925, 3,    119.264,   86.3,   0.99313
"S127", 0.208, 1,    117.755,  -34.0,   0.98057, 2,    117.969, -154.0,   0.98234, 3,    118.192,   86.0,   0.98421
"S128", 0.208, 1,    117.582,  -34.0,   0.97913, 2,     117.82, -154.1,   0.98111, 3,    118.064,   86.0,   0.98314
"S129", 0.208, 1,    117.603,  -34.1,    0.9793, 2,    117.824, -154.1,   0.98114, 3,    118.049,   86.0,   0.98302
"S130", 0.208, 1,      117.8,  -34.1,   0.98094, 2,    118.016, -154.1,   0.98274, 3,    118.233,   86.0,   0.98455
"S131", 0.208, 1,    118.874,  -34.0,   0.98988, 2,    118.828, -153.9,    0.9895, 3,    118.909,   86.1,   0.99017
"S132", 0.208, 1,    118.454,  -34.0,   0.98638, 2,    118.464, -153.9,   0.98647, 3,    118.607,   86.1,   0.98766
"S133", 0.208, 1,    118.233,  -34.1,   0.98455, 2,    118.223, -154.0,   0.98446, 3,    118.438,   86.0,   0.98625
"S134", 0.208, 1,    118.065,  -34.1,   0.98314, 2,    117.897, -154.0,   0.98175, 3,    118.242,   85.9,   0.98462
"S135", 0.208, 1,     118.22,  -34.0,   0.98444, 2,    118.048, -154.0,   0.98301, 3,    118.362,   86.0,   0.98562
"S136", 0.208, 1,    119.117,  -33.9,    0.9919, 2,    118.889, -153.9,   0.99001, 3,    118.991,   86.2,   0.99086
"S137", 0.208, 1,    118.698,  -34.0,   0.98842, 2,    118.518, -154.0,   0.98692, 3,    118.679,   86.1,   0.98826
"S138", 0.208, 1,     118.44,  -34.0,   0.98627, 2,    118.287, -154.0,   0.98499, 3,    118.502,   86.0,   0.98678
"S139", 0.208, 1,    118.036,  -34.0,    0.9829, 2,    118.051, -154.1,   0.98303, 3,    118.235,   85.9,   0.98457
"S140", 0.208, 1,    118.176,  -34.0,   0.98407, 2,    118.151, -154.1,   0.98386, 3,    118.304,   85.9,   0.98514
"S141", 0.208, 1,    118.925,  -33.9,   0.99031, 2,    118.832, -153.9,   0.98953, 3,    118.859,   86.1,   0.98976
"S142", 0.208, 1,    118.448,  -33.9,   0.98633, 2,    118.401, -154.0,   0.98595, 3,    118.524,   86.0,   0.98697
"S143", 0.208, 1,    118.177,  -33.9,   0.98408, 2,    118.133, -154.1,   0.98371, 3,    118.316,   86.0,   0.98523
"S144", 0.208, 1,    117.781,  -34.0,   0.98078, 2,    117.713, -154.2,   0.98022, 3,    118.001,   85.9,   0.98261
"S22", 0.208, 1,    117.606,  -34.1,   0.97932, 2,    117.843, -154.1,    0.9813, 3,    118.019,   85.9,   0.98276
"S27", 0.208, 1,    118.653,  -34.0,   0.98804, 2,    118.664, -153.9,   0.98814, 3,    118.728,   86.1,   0.98867
"S32", 0.208, 1,    118.206,  -34.1,   0.98432, 2,    118.274, -154.0,   0.98489, 3,    118.422,   86.0,   0.98612
"S37", 0.208, 1,    117.913,  -34.1,   0.98188, 2,    118.034, -154.1,   0.98289, 3,    118.237,   85.9,   0.98458
"S63", 0.208, 1,    117.881,  -34.1,   0.98162, 2,    117.952, -154.0,    0.9822, 3,    118.198,   85.9,   0.98426
"S68", 0.208, 1,    118.916,  -33.9,   0.99023, 2,    118.788, -153.8,   0.98917, 3,    118.928,   86.2,   0.99034
"S73", 0.208, 1,    118.532,  -33.9,   0.98703, 2,     118.43, -153.9,   0.98619, 3,    118.654,   86.1,   0.98805
"S78", 0.208, 1,    118.317,  -34.0,   0.98525, 2,    118.242, -153.9,   0.98462, 3,    118.499,   86.0,   0.98676
"S104", 0.208, 1,    118.491,  -33.8,    0.9867, 2,    118.515, -153.9,   0.98689, 3,    118.684,   86.1,   0.98831
"S109", 0.208, 1,    119.556,  -33.7,   0.99556, 2,    119.454, -153.6,   0.99471, 3,    119.474,   86.4,   0.99488
"S114", 0.208, 1,     119.27,  -33.7,   0.99318, 2,     119.21, -153.7,   0.99268, 3,     119.28,   86.3,   0.99327
"S119", 0.208, 1,    119.159,  -33.7,   0.99226, 2,    119.121, -153.7,   0.99194, 3,    119.207,   86.3,   0.99266
"S23", 0.208, 1,    118.088,  -34.0,   0.98334, 2,     118.06, -154.2,    0.9831, 3,    118.285,   85.9,   0.98498
"S28", 0.208, 1,      118.7,  -34.0,   0.98844, 2,    118.611, -154.1,   0.98769, 3,    118.692,   86.0,   0.98837
"S33", 0.208, 1,    118.339,  -34.1,   0.98543, 2,    118.322, -154.2,   0.98529, 3,    118.471,   86.0,   0.98652
"S38", 0.208, 1,    117.483,  -34.2,    0.9783, 2,    117.577, -154.3,   0.97908, 3,    117.932,   85.8,   0.98204
"S64", 0.208, 1,    117.294,  -34.3,   0.97673, 2,    117.667, -154.3,   0.97983, 3,    117.922,   85.8,   0.98196
"S69", 0.208, 1,    118.194,  -34.2,   0.98423, 2,    118.364, -154.1,   0.98564, 3,    118.455,   85.9,    0.9864
"S74", 0.208, 1,    118.488,  -34.1,   0.98667, 2,    118.529, -154.0,   0.98701, 3,    118.582,   86.0,   0.98745
"S79", 0.208, 1,    117.803,  -34.2,   0.98096, 2,    117.947, -154.2,   0.98216, 3,    118.105,   85.8,   0.98348
"S105", 0.208, 1,    117.897,  -34.1,   0.98174, 2,    117.988, -154.1,    0.9825, 3,    118.323,   85.9,   0.98529
"S110", 0.208, 1,    118.651,  -34.0,   0.98802, 2,     118.63, -153.9,   0.98785, 3,    118.805,   86.1,   0.98931
"S115", 0.208, 1,    118.779,  -34.0,   0.98909, 2,    118.777, -153.9,   0.98907, 3,    118.847,   86.1,   0.98966
"S120", 0.208, 1,    118.104,  -34.1,   0.98348, 2,    118.242, -154.0,   0.98462, 3,    118.388,   86.0,   0.98583
"S24", 0.208, 1,    118.405,  -34.0,   0.98598, 2,    118.284, -154.1,   0.98497, 3,    118.304,   86.0,   0.98513
"S29", 0.208, 1,    118.958,  -34.0,   0.99058, 2,    118.807, -154.0,   0.98933, 3,    118.745,   86.1,   0.98881
"S34", 0.208, 1,    118.504,  -34.1,    0.9868, 2,    118.533, -154.0,   0.98705, 3,    118.515,   86.0,    0.9869
"S39", 0.208, 1,    117.633,  -34.3,   0.97955, 2,    117.854, -154.2,   0.98139, 3,    117.938,   85.8,   0.98209
"S65", 0.208, 1,    117.454,  -34.2,   0.97806, 2,    117.634, -154.3,   0.97956, 3,    117.771,   85.7,    0.9807
"S70", 0.208, 1,     118.25,  -34.2,   0.98469, 2,    118.314, -154.2,   0.98522, 3,    118.325,   85.8,   0.98531
"S75", 0.208, 1,    118.293,  -34.1,   0.98505, 2,    118.347, -154.2,    0.9855, 3,    118.408,   85.9,     0.986
"S80", 0.208, 1,    117.522,  -34.2,   0.97863, 2,    117.693, -154.3,   0.98005, 3,    117.925,   85.8,   0.98198
"S106", 0.208, 1,    117.898,  -34.2,   0.98175, 2,    117.768, -154.2,   0.98067, 3,    118.135,   85.9,   0.98373
"S111", 0.208, 1,     118.69,  -34.1,   0.98835, 2,    118.465, -154.1,   0.98647, 3,    118.675,   86.0,   0.98823
"S116", 0.208, 1,    119.002,  -34.0,   0.99095, 2,    118.687, -153.9,   0.98833, 3,    118.903,   86.1,   0.99012
"S121", 0.208, 1,    118.432,  -34.1,    0.9862, 2,    118.149, -154.0,   0.98384, 3,    118.483,   86.0,   0.98663
"S25", 0.208, 1,    118.026,  -34.1,   0.98282, 2,    118.025, -154.3,   0.98282, 3,    118.135,   85.8,   0.98373
"S30", 0.208, 1,    118.665,  -34.0,   0.98814, 2,    118.614, -154.1,   0.98772, 3,    118.568,   86.0,   0.98734
"S35", 0.208, 1,    118.295,  -34.1,   0.98506, 2,    118.389, -154.2,   0.98585, 3,     118.29,   85.9,   0.98502
"S40", 0.208, 1,    117.396,  -34.3,   0.97758, 2,    117.674, -154.4,   0.97989, 3,    117.682,   85.7,   0.97995
"S66", 0.208, 1,    117.467,  -34.3,   0.97817, 2,    117.515, -154.3,   0.97857, 3,     117.73,   85.7,   0.98036
"S71", 0.208, 1,    118.274,  -34.2,   0.98488, 2,    118.203, -154.2,   0.98429, 3,    118.314,   85.9,   0.98522
"S76", 0.208, 1,    118.332,  -34.2,   0.98537, 2,    118.262, -154.1,   0.98479, 3,     118.52,   86.0,   0.98694
"S81", 0.208, 1,    117.547,  -34.3,   0.97884, 2,    117.594, -154.3,   0.97922, 3,    118.075,   85.8,   0.98323
"S107", 0.208, 1,    118.112,  -34.1,   0.98354, 2,    118.092, -154.1,   0.98337, 3,    118.226,   86.0,   0.98448
"S112", 0.208, 1,    118.833,  -34.0,   0.98954, 2,    118.727, -154.0,   0.98866, 3,     118.75,   86.1,   0.98885
"S117", 0.208, 1,    118.907,  -33.9,   0.99016, 2,     118.88, -153.9,   0.98994, 3,    118.894,   86.1,   0.99005
"S122", 0.208, 1,    118.237,  -34.0,   0.98458, 2,    118.335, -154.1,    0.9854, 3,    118.466,   86.0,   0.98648
"S26", 0.208, 1,    117.928,  -34.0,   0.98201, 2,    118.098, -154.1,   0.98343, 3,    118.183,   85.9,   0.98413
"S31", 0.208, 1,    118.274,  -34.0,   0.98489, 2,    118.371, -154.0,    0.9857, 3,    118.438,   86.0,   0.98625
"S36", 0.208, 1,    118.796,  -33.9,   0.98923, 2,    118.816, -153.9,    0.9894, 3,    118.827,   86.1,   0.98949
"S41", 0.208, 1,    118.151,  -34.0,   0.98386, 2,    118.255, -154.0,   0.98473, 3,    118.474,   86.0,   0.98655
"S67", 0.208, 1,    118.507,  -33.9,   0.98683, 2,    118.575, -153.9,    0.9874, 3,    118.698,   86.1,   0.98842
"S72", 0.208, 1,    118.768,  -33.8,     0.989, 2,    118.776, -153.8,   0.98907, 3,    118.876,   86.1,    0.9899
"S77", 0.208, 1,    119.178,  -33.8,   0.99242, 2,    119.141, -153.8,    0.9921, 3,    119.172,   86.2,   0.99236
"S82", 0.208, 1,    118.362,  -33.9,   0.98562, 2,     118.45, -153.9,   0.98636, 3,    118.614,   86.1,   0.98772
"S108", 0.208, 1,    118.431,  -33.9,    0.9862, 2,    118.487, -153.9,   0.98666, 3,    118.542,   86.1,   0.98712
"S113", 0.208, 1,     118.63,  -33.9,   0.98785, 2,    118.668, -153.9,   0.98817, 3,    118.667,   86.2,   0.98816
"S118", 0.208, 1,    119.018,  -33.8,   0.99108, 2,    118.976, -153.8,   0.99073, 3,    118.929,   86.2,   0.99035
"S123", 0.208, 1,    118.017,  -33.9,   0.98275, 2,    118.007, -154.1,   0.98267, 3,     118.17,   86.0,   0.98402
"P4", 230, 1,     139393,    0.0,    1.0497, 2,     139394, -120.0,    1.0497, 3,     139395,  120.0,    1.0497
"P5", 13.8, 1,    8113.21,   -2.1,    1.0183, 2,    8112.05, -122.1,    1.0182, 3,    8116.67,  117.9,    1.0187
"P8", 230, 1,     139393,    0.0,    1.0497, 2,     139394, -120.0,    1.0497, 3,     139395,  120.0,    1.0497
"P9", 13.8, 1,    8109.98,   -2.1,    1.0179, 2,    8109.02, -122.1,    1.0178, 3,    8113.55,  117.9,    1.0183
"S148", 0.208, 1,    118.656,  -34.0,   0.98807, 2,    118.668, -153.9,   0.98817, 3,    118.732,   86.1,    0.9887
"S145", 0.208, 1,    118.705,  -34.0,   0.98847, 2,    118.786, -154.0,   0.98915, 3,    118.767,   86.1,   0.98899
"S152", 0.208, 1,    118.703,  -34.0,   0.98846, 2,    118.614, -154.1,   0.98772, 3,    118.696,   86.0,    0.9884
"S149", 0.208, 1,     118.96,  -33.9,    0.9906, 2,    118.931, -153.9,   0.99036, 3,    118.845,   86.1,   0.98965
"S156", 0.208, 1,    118.961,  -34.0,   0.99061, 2,     118.81, -154.0,   0.98935, 3,    118.748,   86.1,   0.98883
"S153", 0.208, 1,    118.969,  -33.9,   0.99067, 2,     118.99, -154.0,   0.99085, 3,    118.832,   86.1,   0.98953
"S160", 0.208, 1,    118.668,  -34.0,   0.98817, 2,    118.618, -154.1,   0.98775, 3,    118.572,   86.0,   0.98737
"S157", 0.208, 1,    118.395,  -34.1,   0.98589, 2,    118.349, -154.1,   0.98552, 3,    118.367,   85.9,   0.98566
"S147", 0.208, 1,    118.974,  -34.0,   0.99071, 2,    118.901, -153.9,   0.99011, 3,     118.92,   86.1,   0.99027
"S146", 0.208, 1,    118.342,  -34.1,   0.98546, 2,    118.326, -154.1,   0.98532, 3,    118.474,   86.0,   0.98655
"S151", 0.208, 1,    118.027,  -34.2,   0.98283, 2,    118.267, -154.2,   0.98483, 3,    118.194,   85.8,   0.98422
"S150", 0.208, 1,    118.507,  -34.1,   0.98683, 2,    118.537, -154.0,   0.98707, 3,    118.519,   86.0,   0.98693
"S155", 0.208, 1,    118.417,  -34.2,   0.98608, 2,    118.282, -154.2,   0.98496, 3,    118.443,   85.9,   0.98629
"S154", 0.208, 1,    118.299,  -34.1,   0.98509, 2,    118.393, -154.2,   0.98588, 3,    118.293,   85.9,   0.98505
"S159", 0.208, 1,     118.62,  -34.0,   0.98777, 2,     118.79, -154.0,   0.98919, 3,    118.654,   86.0,   0.98805
"S158", 0.208, 1,    118.799,  -33.9,   0.98926, 2,    118.819, -153.9,   0.98942, 3,     118.83,   86.1,   0.98952
"S164", 0.208, 1,    118.919,  -33.9,   0.99026, 2,    118.791, -153.8,   0.98919, 3,    118.931,   86.2,   0.99036
"S161", 0.208, 1,    118.498,  -34.1,   0.98675, 2,    118.507, -154.1,   0.98683, 3,    118.591,   86.0,   0.98753
"S168", 0.208, 1,    118.198,  -34.2,   0.98426, 2,    118.368, -154.1,   0.98567, 3,    118.459,   85.9,   0.98643
"S165", 0.208, 1,    118.215,  -34.2,    0.9844, 2,    118.204, -154.2,    0.9843, 3,    118.156,   85.8,    0.9839
"S172", 0.208, 1,    118.254,  -34.1,   0.98472, 2,    118.318, -154.2,   0.98525, 3,    118.328,   85.8,   0.98534
"S169", 0.208, 1,    118.326,  -34.2,   0.98532, 2,    118.238, -154.2,   0.98459, 3,    118.358,   85.9,   0.98559
"S176", 0.208, 1,    118.277,  -34.2,   0.98491, 2,    118.206, -154.2,   0.98432, 3,    118.317,   85.9,   0.98525
"S173", 0.208, 1,    119.238,  -33.8,   0.99292, 2,    119.257, -153.8,   0.99307, 3,    119.168,   86.2,   0.99233
"S163", 0.208, 1,     118.97,  -33.8,   0.99068, 2,    118.887, -153.8,   0.98999, 3,    118.937,   86.1,   0.99041
"S162", 0.208, 1,    118.491,  -34.1,    0.9867, 2,    118.532, -154.0,   0.98704, 3,    118.585,   86.0,   0.98748
"S167", 0.208, 1,    118.455,  -34.1,   0.98639, 2,    118.377, -154.1,   0.98575, 3,    118.482,   85.9,   0.98662
"S166", 0.208, 1,    118.296,  -34.1,   0.98507, 2,    118.351, -154.2,   0.98553, 3,    118.412,   85.9,   0.98603
"S171", 0.208, 1,    118.661,  -34.1,   0.98811, 2,    118.554, -154.0,   0.98722, 3,    118.694,   86.1,   0.98838
"S170", 0.208, 1,    118.335,  -34.2,    0.9854, 2,    118.265, -154.1,   0.98482, 3,    118.523,   86.0,   0.98696
"S175", 0.208, 1,    119.147,  -33.8,   0.99215, 2,    119.125, -153.8,   0.99198, 3,    119.204,   86.2,   0.99263
"S174", 0.208, 1,    119.181,  -33.8,   0.99244, 2,    119.143, -153.8,   0.99213, 3,    119.175,   86.2,   0.99239
"S180", 0.208, 1,    119.558,  -33.7,   0.99558, 2,    119.456, -153.6,   0.99473, 3,    119.477,   86.4,   0.99491
"S177", 0.208, 1,    118.763,  -34.0,   0.98896, 2,    118.784, -153.9,   0.98914, 3,    118.794,   86.1,   0.98922
"S184", 0.208, 1,    118.654,  -34.0,   0.98805, 2,    118.633, -153.9,   0.98788, 3,    118.808,   86.1,   0.98934
"S181", 0.208, 1,    118.415,  -34.2,   0.98606, 2,    118.403, -154.1,   0.98596, 3,    118.495,   86.0,   0.98672
"S188", 0.208, 1,    118.693,  -34.1,   0.98838, 2,    118.468, -154.0,    0.9865, 3,    118.678,   86.0,   0.98825
"S185", 0.208, 1,    118.875,  -34.0,   0.98989, 2,     118.74, -154.0,   0.98877, 3,    118.952,   86.1,   0.99053
"S192", 0.208, 1,    118.836,  -34.0,   0.98957, 2,    118.731, -154.0,   0.98869, 3,    118.753,   86.1,   0.98888
"S189", 0.208, 1,    119.406,  -33.7,   0.99432, 2,     119.28, -153.7,   0.99326, 3,    119.401,   86.3,   0.99427
"S179", 0.208, 1,    119.241,  -33.8,   0.99294, 2,     119.19, -153.7,   0.99252, 3,    119.266,   86.3,   0.99315
"S178", 0.208, 1,    118.782,  -34.0,   0.98912, 2,     118.78, -153.9,    0.9891, 3,    118.851,   86.1,   0.98969
"S183", 0.208, 1,    118.877,  -34.0,   0.98991, 2,    118.831, -153.9,   0.98953, 3,    118.912,   86.1,    0.9902
"S182", 0.208, 1,    119.005,  -34.0,   0.99098, 2,     118.69, -153.9,   0.98835, 3,    118.906,   86.1,   0.99015
"S187", 0.208, 1,     119.12,  -33.9,   0.99193, 2,    118.892, -153.9,   0.99004, 3,    118.994,   86.2,   0.99088
"S186", 0.208, 1,     118.91,  -33.9,   0.99019, 2,    118.884, -153.9,   0.98996, 3,    118.897,   86.1,   0.99008
"S191", 0.208, 1,    118.928,  -33.9,   0.99033, 2,    118.835, -153.9,   0.98956, 3,    118.862,   86.1,   0.98979
"S190", 0.208, 1,    119.021,  -33.8,   0.99111, 2,    118.979, -153.8,   0.99075, 3,    118.932,   86.2,   0.99037
"S196", 0.48, 1,    277.201,  -33.8,    1.0003, 2,    275.663, -154.1,   0.99471, 3,    275.225,   86.2,   0.99313
"S197", 0.48, 1,    277.196,  -33.8,    1.0002, 2,    275.658, -154.1,    0.9947, 3,    275.221,   86.2,   0.99312
"S201", 0.48, 1,    275.919,  -33.4,   0.99564, 2,    276.129, -153.5,    0.9964, 3,    275.353,   86.5,   0.99359
"S202", 0.48, 1,    275.918,  -33.4,   0.99563, 2,    276.129, -153.5,    0.9964, 3,    275.353,   86.5,   0.99359
"S207", 0.48, 1,    274.368,  -34.1,   0.99004, 2,     273.17, -153.8,   0.98572, 3,    275.634,   86.1,   0.99461
"S208", 0.48, 1,    274.368,  -34.1,   0.99004, 2,     273.17, -153.8,   0.98572, 3,    275.634,   86.1,   0.99461
"S209", 0.48, 1,    274.366,  -34.1,   0.99003, 2,    273.168, -153.8,   0.98571, 3,    275.632,   86.1,    0.9946
"S214", 0.48, 1,    275.009,  -33.9,   0.99235, 2,    275.314, -153.9,   0.99345, 3,     275.21,   86.2,   0.99308
"S215", 0.48, 1,    275.006,  -33.9,   0.99234, 2,     275.31, -153.9,   0.99344, 3,    275.207,   86.2,   0.99307
"S216", 0.48, 1,    275.006,  -33.9,   0.99234, 2,    275.311, -153.9,   0.99344, 3,    275.208,   86.2,   0.99307
"S221", 0.48, 1,    272.114,  -34.5,   0.98191, 2,    271.947, -154.4,    0.9813, 3,    272.156,   85.6,   0.98206
"S222", 0.48, 1,    272.112,  -34.5,    0.9819, 2,    271.945, -154.4,    0.9813, 3,    272.154,   85.6,   0.98205
"S223", 0.48, 1,    272.108,  -34.5,   0.98189, 2,    271.942, -154.4,   0.98129, 3,    272.152,   85.6,   0.98204
"S228", 0.48, 1,    273.648,  -34.1,   0.98744, 2,    273.736, -154.0,   0.98776, 3,    274.295,   86.2,   0.98978
"S229", 0.48, 1,    273.645,  -34.1,   0.98743, 2,    273.733, -154.0,   0.98775, 3,    274.292,   86.2,   0.98977
"S230", 0.48, 1,    273.648,  -34.1,   0.98744, 2,    273.737, -154.0,   0.98776, 3,    274.295,   86.2,   0.98978
"S234", 0.48, 1,    279.363,  -32.6,    1.0081, 2,    279.466, -152.6,    1.0084, 3,    279.377,   87.4,    1.0081
"S235", 0.48, 1,     279.36,  -32.6,    1.0081, 2,    279.464, -152.6,    1.0084, 3,    279.375,   87.4,    1.0081
"S238", 0.48, 1,    271.415,  -34.7,   0.97938, 2,    270.745, -154.9,   0.97697, 3,    269.742,   85.4,   0.97335
"S240", 0.48, 1,    271.411,  -34.7,   0.97937, 2,    270.741, -154.9,   0.97695, 3,    269.739,   85.4,   0.97334
